{
  "wsl_manager\\lib\\main.dart": 1777454624.8230665,
  "wsl_manager\\test\\widget_test.dart": 1777454625.663161,
  "wsl_manager\\windows\\flutter\\generated_plugin_registrant.cc": 1777454799.048659,
  "wsl_manager\\windows\\flutter\\generated_plugin_registrant.h": 1777454799.0325494,
  "wsl_manager\\windows\\runner\\flutter_window.cpp": 1777310207.2437205,
  "wsl_manager\\windows\\runner\\flutter_window.h": 1777310207.2437205,
  "wsl_manager\\windows\\runner\\main.cpp": 1777454625.4355557,
  "wsl_manager\\windows\\runner\\resource.h": 1777310207.2437205,
  "wsl_manager\\windows\\runner\\utils.cpp": 1777310207.2437205,
  "wsl_manager\\windows\\runner\\utils.h": 1777310207.2437205,
  "wsl_manager\\windows\\runner\\win32_window.cpp": 1777310207.2437205,
  "wsl_manager\\windows\\runner\\win32_window.h": 1777310207.2437205,
  "wsl_manager\\README.md": 1777454624.9830413,
  "wsl_manager\\windows\\CMakeLists.txt": 1777454625.1718972,
  "wsl_manager\\windows\\flutter\\CMakeLists.txt": 1777310207.2437205,
  "wsl_manager\\windows\\runner\\CMakeLists.txt": 1777310207.2437205,
  "wsl_manager_output\\CHANGES.md": 1777445648.0,
  "wsl_manager_output\\README.md": 1777445602.0,
  "wsl_manager_output\\TODO.md": 1777445587.0,
  "wsl_manager_output\\docs\\commandes.md": 1777445633.0,
  "wsl_manager_output\\docs\\installation.md": 1777445621.0
}